<?xml version="1.0" encoding="utf-8" ?>
<dwsync>
<file name="config.php" server="C:/xampp/htdocs/dreamexplora/" local="133567284600000000" remote="133567284600000000" Dst="0" />
<file name="session_customer.php" server="C:/xampp/htdocs/dreamexplora/" local="133568247299402969" remote="133568247290000000" Dst="0" />
<file name="connection.php" server="C:/xampp/htdocs/dreamexplora/" local="133567735854802491" remote="133567735850000000" Dst="0" />
<file name="customer_register.php" server="C:/xampp/htdocs/dreamexplora/" local="133567792778521978" remote="133567792770000000" Dst="0" />
<file name="customer_login.php" server="C:/xampp/htdocs/dreamexplora/" local="133569063910679993" remote="133569063910000000" Dst="0" />
<file name="addpackage.php" server="C:/xampp/htdocs/dreamexplora/" local="133569849343837078" remote="133569849340000000" Dst="0" />
<file name="admin_login.php" server="C:/xampp/htdocs/dreamexplora/" local="133569850414600798" remote="133569850410000000" Dst="0" />
<file name="packageupdate.php" server="C:/xampp/htdocs/dreamexplora/" local="133569855296356970" remote="133569855290000000" Dst="0" />
<file name="session_admin.php" server="C:/xampp/htdocs/dreamexplora/" local="133569069969747737" remote="133569069960000000" Dst="0" />
</dwsync>