<?xml version="1.0" encoding="utf-8" ?>
<dwsync>
<file name="login.php" server="C:/xampp/htdocs/dreamexplora/" local="133567823410000000" remote="133567823410000000" Dst="0" />
<file name="register.php" server="C:/xampp/htdocs/dreamexplora/" local="133567790774886620" remote="133567790770000000" Dst="0" />
<file name="home.php" server="C:/xampp/htdocs/dreamexplora/" local="133569045473878805" remote="133569045470000000" Dst="0" />
<file name="book_form.php" server="C:/xampp/htdocs/dreamexplora/" local="133569035467603828" remote="133569035460000000" Dst="0" />
<file name="logout.php" server="C:/xampp/htdocs/dreamexplora/" local="133567816430000000" remote="133567816430000000" Dst="0" />
<file name="changeprofile.php" server="C:/xampp/htdocs/dreamexplora/" local="133567375840000000" remote="133567375840000000" Dst="0" />
<file name="package.php" server="C:/xampp/htdocs/dreamexplora/" local="133569045965009403" remote="133569045960000000" Dst="0" />
<file name="book.php" server="C:/xampp/htdocs/dreamexplora/" local="133569044905963503" remote="133569044900000000" Dst="0" />
<file name="Thankyou.php" server="C:/xampp/htdocs/dreamexplora/" local="133569055746522296" remote="133569055740000000" Dst="0" />
<file name="about.php" server="C:/xampp/htdocs/dreamexplora/" local="133569044672872117" remote="133569044670000000" Dst="0" />
<file name="mybooking.php" server="C:/xampp/htdocs/dreamexplora/" local="133569052299609736" remote="133569052290000000" Dst="0" />
<file name="bookingdelete.php" server="C:/xampp/htdocs/dreamexplora/" local="133569054646283595" remote="133569054640000000" Dst="0" />
<file name="addpackage.php" server="C:/xampp/htdocs/dreamexplora/" local="133569848867755091" remote="133569848860000000" Dst="0" />
<file name="adminhome.php" server="C:/xampp/htdocs/dreamexplora/" local="133569856398694384" remote="133569856390000000" Dst="0" />
<file name="adminlogin.php" server="C:/xampp/htdocs/dreamexplora/" local="133569850083928854" remote="133569850080000000" Dst="0" />
<file name="bookinglist.php" server="C:/xampp/htdocs/dreamexplora/" local="133569852581640413" remote="133569852580000000" Dst="0" />
<file name="abookingdelete.php" server="C:/xampp/htdocs/dreamexplora/" local="133569082712007133" remote="133569082710000000" Dst="0" />
<file name="packagedelete.php" server="C:/xampp/htdocs/dreamexplora/" local="133569853981784357" remote="133569853980000000" Dst="0" />
<file name="packageupdate.php" server="C:/xampp/htdocs/dreamexplora/" local="133569854342297669" remote="133569854340000000" Dst="0" />
<file name="packageupdate_form.php" server="C:/xampp/htdocs/dreamexplora/" local="133569854931877778" remote="133569854930000000" Dst="0" />
</dwsync>